id,RequestId,FromAccount,ToAccount,Amount,TimeStamp,Country,Balance
1,5422875400,4141456789,1825427909,196170.10,8/13/2021,South Africa,217100.83
2,4227021081,4141456789,398833052,405257.16,4/10/2021,Nigeria,227066.90
3,2934707296,4141456789,9583039926,143360.30,5/22/2021,Nigeria,595499.56
4,8212313662,4141456789,6918463888,312214.46,1/2/2022,Nigeria,341948.71
5,8212542998,4141456789,5467536710,466188.99,12/28/2021,South Africa,194607.47
6,2786144329,4141456789,5695964296,59525.45,8/11/2023,Nigeria,35557.35
7,2303003245,4141456789,7468696861,461531.07,5/10/2021,Nigeria,581287.49
8,6717371676,4141456789,397092660,472058.54,2/1/2022,Burkina Faso,581890.15
9,9013917313,4141456789,2212506295,21716.38,6/28/2022,Nigeria,552943.40
10,3878115164,4141456789,7870800945,366679.86,1/25/2024,Nigeria,648905.87
11,2840709309,4141456789,4162929106,361479.52,6/9/2022,Nigeria,541752.41
12,7629503067,4141456789,681236221,397426.79,12/29/2022,Kenya,510505.61
13,5398968750,4141456789,4907690363,190921.71,4/5/2022,South Africa,658076.85
14,113612419,4141456789,9020658158,46673.26,12/18/2023,Nigeria,253394.34
15,3359039998,4141456789,8556274323,171830.98,5/3/2022,Nigeria,478152.20
16,6227896209,4141456789,3506485261,489798.03,11/26/2023,South Africa,567821.92
17,434274658,4141456789,1454461217,329755.71,2/14/2024,Nigeria,438875.66
18,4012906453,4141456789,3169005162,73275.06,1/14/2024,Nigeria,695764.84
19,7858803565,4141456789,2248647468,488314.41,6/1/2022,South Africa,201183.62
20,863743293,4141456789,9710433261,63807.99,9/18/2021,Nigeria,143115.81
21,1394526563,4141456789,5785965100,151514.22,12/25/2022,South Africa,658411.80
22,4913058398,4141456789,4034096551,365495.35,10/9/2021,South Africa,57379.95
23,9430056204,4141456789,9109206507,47363.09,11/13/2023,Nigeria,675095.91
24,2483556264,4141456789,7466590748,5095.81,8/19/2022,Kenya,369960.42
25,5772178474,4141456789,9408075900,236358.45,11/23/2022,South Africa,91267.64
26,688086187,4141456789,8330709922,122054.06,7/22/2022,Nigeria,268533.44
27,7858363573,4141456789,1643933019,280973.07,3/5/2021,Burkina Faso,344041.26
28,8420486507,4141456789,7116243399,193606.09,1/2/2024,South Africa,152619.58
29,2275268111,4141456789,292429495,278890.06,2/7/2023,Burkina Faso,49665.86
30,9884240000,4141456789,8043335923,92052.07,3/8/2021,Burkina Faso,564855.57
31,5286617492,4141456789,3476351327,254391.11,8/6/2022,South Africa,466219.80
32,9443920573,4141456789,9915122829,44406.20,5/18/2021,Kenya,637489.92
33,4438215269,4141456789,6793165909,128666.16,1/2/2024,Niger,695383.90
34,6617678915,4141456789,8740163490,185772.29,2/20/2024,Nigeria,628735.14
35,4128728748,4141456789,4535047561,63583.51,1/22/2024,South Africa,689670.44
36,5584656542,4141456789,8366384918,431245.86,10/19/2022,South Africa,176197.78
37,331622548,4141456789,2860325565,6110.13,5/21/2021,South Africa,57314.56
38,9523466909,4141456789,9510359378,285643.12,11/3/2023,Kenya,270746.10
39,9436379285,4141456789,2408779839,79401.99,6/16/2021,Nigeria,102703.02
40,6538470297,4141456789,6797176204,413576.01,5/13/2022,Kenya,326949.61
41,2810119090,4141456789,828161712,185738.86,3/16/2021,South Africa,593053.27
42,2318745927,4141456789,4779971446,374049.00,10/3/2023,Ghana,276653.09
43,2451268956,4141456789,495541567,250169.14,7/4/2022,Nigeria,86399.77
44,7670131357,4141456789,4889800883,71536.66,5/18/2023,Nigeria,513477.48
45,4579966449,4141456789,6281346866,45728.91,4/19/2021,Nigeria,41751.06
46,5107600468,4141456789,7774327398,231997.47,5/21/2022,Nigeria,539912.76
47,4919753632,4141456789,5698351287,52514.91,6/15/2021,Nigeria,673495.44
48,8506850924,4141456789,1269791109,357839.84,4/28/2021,Ghana,220859.05
49,6109709360,4141456789,8530512707,200787.41,6/25/2021,Nigeria,211753.72
50,9007231138,4141456789,9060785843,256493.75,10/10/2022,Nigeria,619393.41
51,8064756979,4141456789,4148913036,63844.74,6/14/2021,Nigeria,88677.21
52,9954363254,4141456789,698361954,288379.10,10/14/2023,Nigeria,20078.88
53,1212745922,4141456789,7244983360,190040.41,5/10/2022,Niger,659901.06
54,7547340598,4141456789,4216910866,310781.96,8/10/2022,South Africa,608320.68
55,6977791136,4141456789,8087663586,180651.97,8/31/2022,Kenya,270332.27
56,2591945527,4141456789,4106679000,200809.20,7/4/2023,Nigeria,352001.81
57,9328501709,4141456789,5016085188,342821.53,12/6/2021,South Africa,364326.32
58,1066787042,4141456789,3504117826,391795.77,6/30/2023,Nigeria,105563.29
59,4807626132,4141456789,7253513894,321088.84,1/10/2023,Kenya,123187.77
60,1321363761,4141456789,5829197405,342315.86,2/3/2022,Nigeria,293649.68
61,9252269061,4141456789,8581953883,370705.12,6/23/2021,Nigeria,471980.71
62,9663737050,4141456789,7371902289,493341.86,2/22/2023,South Africa,695007.43
63,9921287494,4141456789,3665925568,482231.08,1/6/2024,Nigeria,130666.47
64,297084623,4141456789,7811271591,291899.59,9/15/2023,Niger,157542.01
65,3708025091,4141456789,4167158469,301583.30,3/18/2022,South Africa,570035.34
66,4790197859,4141456789,2224211570,134400.00,11/19/2023,Nigeria,591001.41
67,5958210106,4141456789,6545809075,416784.06,10/14/2023,South Africa,484838.21
68,6195601241,4141456789,5479007971,425143.25,5/4/2023,South Africa,388291.16
69,2640867407,4141456789,855899794,327209.96,7/19/2021,Nigeria,274846.90
70,2447531826,4141456789,7449049600,319565.76,1/5/2022,Nigeria,215610.55
71,2077167327,4141456789,2366192630,143833.48,2/28/2024,South Africa,209877.30
72,654963991,4141456789,3709472245,118539.52,6/25/2023,Ghana,88665.56
73,8338187755,4141456789,1990245447,56110.35,10/15/2021,Nigeria,32366.18
74,9243043366,4141456789,9289378387,308204.31,10/25/2022,South Africa,8636.77
75,8178969769,4141456789,3305896167,268193.92,12/20/2023,Nigeria,280458.23
76,2235244297,4141456789,9196562692,50774.74,4/8/2023,Nigeria,179826.45
77,7913515694,4141456789,5205603216,355212.53,3/13/2022,South Africa,55108.41
78,2227339063,4141456789,9521537213,119229.63,11/10/2021,Nigeria,136869.71
79,3569286525,4141456789,4157637070,392523.90,1/5/2023,Burkina Faso,164127.03
80,6122995037,4141456789,1791101054,172270.44,12/14/2021,Nigeria,44467.45
81,4899237340,4141456789,5008921487,103531.41,9/15/2023,Nigeria,88832.39
82,1413210007,4141456789,1262424763,15941.52,3/28/2022,Nigeria,397009.31
83,8639783241,4141456789,4950963023,171392.82,11/13/2023,Ghana,576145.32
84,4158199263,4141456789,3064312472,432142.67,4/7/2023,South Africa,666598.34
85,8689518517,4141456789,74407198,51625.85,1/23/2023,Nigeria,433365.09
86,5754543530,4141456789,2884587780,187315.47,11/21/2021,Nigeria,29337.62
87,4462663470,4141456789,6922209850,34024.57,10/23/2021,Nigeria,395412.96
88,6238690348,4141456789,1267449039,464974.46,7/17/2022,Kenya,90060.69
89,4830376481,4141456789,7833027138,352729.39,2/19/2024,South Africa,248854.77
90,6309945971,4141456789,6455417178,124888.29,12/9/2021,Nigeria,496818.45
91,5765730213,4141456789,4503186949,413406.21,3/16/2022,South Africa,672757.02
92,855596392,4141456789,5093556882,404968.21,4/30/2021,Kenya,563859.35
93,4621293346,4141456789,4817504730,402176.39,2/23/2023,Kenya,570855.44
94,7651445023,4141456789,3546391373,255477.29,12/10/2021,Nigeria,594628.30
95,8308966012,4141456789,5504704006,248548.73,11/18/2021,South Africa,644346.74
96,9570776439,4141456789,9604176056,250243.33,4/6/2023,Nigeria,322971.98
97,2806790808,4141456789,8005627394,123572.47,5/15/2023,South Africa,555130.23
98,6583191547,4141456789,8452019009,74152.12,5/17/2023,Togo,413699.79
99,6476043552,4141456789,4053192242,128025.59,7/7/2021,Kenya,672500.45
100,9662103686,4141456789,5948429466,100004.42,1/1/2022,Kenya,247107.53
101,293603154,4141456789,7738638699,474582.84,6/4/2022,South Africa,195014.83
102,469388390,4141456789,1965994121,398685.93,4/3/2023,Nigeria,338305.82
103,243923783,4141456789,2405480417,240583.61,12/7/2023,South Africa,17625.12
104,1039981119,4141456789,9390546354,342047.29,8/14/2022,South Africa,443592.37
105,1934324396,4141456789,1662932820,319661.60,3/27/2022,Ghana,543447.25
106,9970195425,4141456789,6239560561,76246.63,3/16/2021,South Africa,203114.56
107,3248900660,4141456789,6526400841,106899.49,7/18/2021,South Africa,11227.61
108,3176116373,4141456789,4364112488,176838.38,2/16/2022,South Africa,585648.23
109,5802145099,4141456789,2410548830,119525.54,11/13/2022,Ghana,298072.11
110,5231098116,4141456789,4369710111,235572.71,3/3/2023,Nigeria,235611.65
111,9037878830,4141456789,5090788081,125708.53,4/20/2023,Nigeria,7911.69
112,5388469182,4141456789,4252485754,496139.86,8/16/2022,South Africa,238474.97
113,9400992750,4141456789,2718148403,348386.55,3/8/2022,South Africa,550856.07
114,8164241539,4141456789,2668596459,96538.53,9/6/2022,Nigeria,94993.46
115,8822016386,4141456789,3209882185,181820.32,1/19/2023,Kenya,409301.32
116,3857109335,4141456789,8371142846,102837.44,6/11/2023,Kenya,625576.03
117,9572700731,4141456789,6804269322,405632.32,8/2/2022,South Africa,369052.22
118,4885776341,4141456789,2256917185,93299.58,7/25/2023,Niger,307985.54
119,6126013816,4141456789,1687812314,416707.52,5/6/2023,Nigeria,549140.05
120,5855933881,4141456789,8616328386,96433.17,3/15/2022,Nigeria,230353.38
121,2357043350,4141456789,1520245335,72841.02,10/23/2021,Nigeria,610767.78
122,2664078054,4141456789,5632741869,467030.22,2/9/2023,South Africa,114318.13
123,9841060043,4141456789,8866442011,199564.04,8/28/2021,Kenya,103258.39
124,193050536,4141456789,1906252750,364902.84,12/5/2023,Nigeria,382685.23
125,524956472,4141456789,277494729,205074.72,12/10/2021,Nigeria,255217.37
126,4498411943,4141456789,9100890170,110050.33,8/24/2022,Nigeria,40710.31
127,5228648054,4141456789,4859034651,426430.09,3/30/2022,Nigeria,345626.29
128,244521360,4141456789,3333572109,263814.13,10/13/2021,Kenya,198910.01
129,1537556223,4141456789,3047245460,423721.32,4/20/2021,South Africa,450120.33
130,75012901,4141456789,5417623377,490758.88,4/25/2022,Niger,214434.98
131,9558134961,4141456789,3884006525,367437.50,1/21/2022,Kenya,579125.49
132,9153201701,4141456789,1617883786,337807.92,2/4/2022,Nigeria,59491.82
133,7257100136,4141456789,7137915957,333499.43,4/20/2023,Nigeria,359155.77
134,1789723310,4141456789,9374370352,256871.99,9/24/2022,Nigeria,195418.13
135,4074091070,4141456789,4582559093,360633.65,6/19/2021,South Africa,223144.14
136,1654230669,4141456789,68000685,181159.70,7/2/2023,Nigeria,456658.39
137,3034890591,4141456789,5096130231,324410.20,6/2/2022,Kenya,474160.23
138,2686445203,4141456789,1463025548,109164.16,8/29/2021,Ghana,481553.65
139,1552762904,4141456789,7219566085,159853.22,9/30/2021,South Africa,694277.27
140,2562634268,4141456789,5331608167,132077.41,1/1/2022,South Africa,18642.08
141,9142572614,4141456789,8050485005,334007.27,3/31/2021,Nigeria,319347.03
142,4183265282,4141456789,2246107806,84561.51,7/15/2021,Kenya,33604.28
143,2190997798,4141456789,9867524144,342859.41,2/17/2022,Niger,226372.02
144,2654777618,4141456789,8433962280,452340.23,5/17/2021,Ghana,609427.28
145,5237679056,4141456789,7385340156,375922.07,10/27/2022,Nigeria,344878.68
146,6198234614,4141456789,1524924555,469103.03,11/24/2022,Nigeria,182100.36
147,6058939119,4141456789,7688208750,392402.00,12/7/2023,South Africa,358832.35
148,9047538609,4141456789,8671640361,329718.73,6/28/2021,South Africa,99804.83
149,2718006919,4141456789,4097259229,344897.81,3/22/2023,Ghana,506361.12
150,522795641,4141456789,7802688671,96081.22,12/1/2021,Nigeria,160995.31
151,4726976222,4141456789,2779898364,447521.14,5/21/2023,Nigeria,118697.01
152,364507888,4141456789,720115833,295651.78,12/16/2023,Nigeria,662060.47
153,5835198868,4141456789,6519018430,122721.13,1/11/2023,Kenya,341359.13
154,4028647665,4141456789,6203890952,360210.42,5/2/2021,South Africa,665050.26
155,4693843105,4141456789,5385590762,116863.75,12/3/2021,South Africa,684997.60
156,6358133454,4141456789,1275332609,326235.56,10/17/2022,Nigeria,478353.72
157,2214428356,4141456789,417541090,484311.36,8/27/2021,South Africa,259702.64
158,8803260595,4141456789,5782531134,343127.30,11/9/2021,South Africa,38146.57
159,9875627372,4141456789,1271227053,47494.05,5/6/2023,Kenya,492143.91
160,7095733295,4141456789,6054848933,222867.41,8/5/2023,South Africa,129788.21
161,6574870461,4141456789,5646151848,479259.82,9/10/2021,South Africa,530083.72
162,5427776907,4141456789,3239015846,98842.89,9/30/2023,Nigeria,564130.95
163,1860043143,4141456789,1565805259,96091.69,1/11/2023,Burkina Faso,325215.63
164,2632095034,4141456789,8528242374,355758.61,4/24/2021,Nigeria,67526.39
165,1211429407,4141456789,737343966,227278.10,2/15/2022,South Africa,254482.52
166,6186434044,4141456789,9538170180,64888.88,5/23/2023,Nigeria,104098.68
167,475800931,4141456789,9877462206,184558.52,6/17/2022,South Africa,176610.68
168,1508450730,4141456789,1320883001,336283.84,6/3/2021,South Africa,202563.90
169,9067956309,4141456789,7733684323,235545.13,10/31/2022,Nigeria,422218.56
170,7653576095,4141456789,5848801495,357569.42,8/7/2021,Kenya,509118.41
171,352071621,4141456789,7989045265,337825.00,9/21/2023,South Africa,134871.73
172,9368850550,4141456789,2369962011,359711.89,9/1/2023,Burkina Faso,87496.60
173,1334174946,4141456789,1023872374,111583.49,5/9/2023,South Africa,13363.75
174,3711519334,4141456789,851631991,292779.13,2/13/2022,Nigeria,44001.71
175,1653586567,4141456789,4179715147,39842.92,11/17/2023,Burkina Faso,137285.59
176,3309631850,4141456789,7671833258,409906.34,5/7/2021,Nigeria,620327.29
177,6652273551,4141456789,8603853622,388652.35,2/28/2024,Ghana,640133.54
178,1556697732,4141456789,1604697148,175087.92,10/25/2023,Kenya,232933.01
179,6408519229,4141456789,6230011247,455182.55,8/31/2023,Ghana,193717.84
180,5407141914,4141456789,3077404273,254492.70,10/19/2022,South Africa,680129.41
181,6958621514,4141456789,3701420556,191908.36,9/24/2022,South Africa,431010.47
182,5074542944,4141456789,9845938841,472470.26,12/8/2021,Nigeria,487972.34
183,4727642484,4141456789,2381324178,109501.94,12/11/2023,Kenya,173986.73
184,7774690840,4141456789,9629452073,346852.81,8/12/2022,Nigeria,194787.32
185,5661078889,4141456789,875382991,346489.14,12/2/2021,Kenya,412296.45
186,4922856161,4141456789,1825272921,64791.06,11/12/2021,South Africa,433363.98
187,2096988438,4141456789,7249134787,137125.24,1/8/2023,Nigeria,521176.33
188,3205184130,4141456789,6150210235,29239.04,6/21/2023,South Africa,672421.13
189,322544335,4141456789,5220374419,350876.85,6/13/2021,South Africa,207770.30
190,2645264751,4141456789,7266719712,429236.07,7/12/2023,Nigeria,383560.10
191,2918145858,4141456789,3818298491,16470.65,12/3/2022,Nigeria,333237.52
192,567293998,4141456789,1445295741,206725.66,4/9/2023,Ghana,519595.97
193,1661516467,4141456789,5102350374,329577.49,12/19/2022,Nigeria,562567.32
194,3664867084,4141456789,5855349853,365640.61,1/7/2022,Burkina Faso,458267.79
195,2598213548,4141456789,5618363232,328420.00,11/15/2021,Nigeria,613075.42
196,6020259455,4141456789,3820962956,58569.59,9/17/2022,Nigeria,535884.17
197,3405193559,4141456789,8596386076,241367.89,9/17/2022,South Africa,55128.05
198,7301634250,4141456789,7391042889,175373.06,7/29/2023,Nigeria,456097.91
199,4122317916,4141456789,4256788212,200923.84,1/4/2022,South Africa,250424.52
200,116388544,4141456789,7726877383,485842.73,2/12/2024,South Africa,507610.08
201,635633140,4141456789,2768855162,159201.08,1/2/2024,Burkina Faso,235451.01
202,6600891173,4141456789,7178201878,55226.25,5/26/2022,Nigeria,191605.02
203,4455869034,4141456789,1808590600,145385.72,3/31/2023,Kenya,52260.65
204,6939702997,4141456789,1276239173,270395.96,2/5/2022,South Africa,423916.87
205,1739919920,4141456789,5601666822,71124.87,6/11/2022,Ghana,66292.93
206,5480585878,4141456789,8350674369,374129.47,8/11/2021,South Africa,309856.91
207,563053763,4141456789,6612857919,182793.10,3/4/2023,Kenya,246420.31
208,1287056644,4141456789,3963454849,497760.53,6/22/2023,South Africa,264262.74
209,8134204791,4141456789,718055705,247207.87,10/17/2021,South Africa,216522.64
210,8231939342,4141456789,4495505238,121556.59,11/10/2021,South Africa,569156.21
211,2492048349,4141456789,7879011099,498135.60,5/24/2022,Nigeria,333843.63
212,8675191960,4141456789,1601661754,75151.62,12/12/2021,Nigeria,292510.35
213,3942195062,4141456789,9754036551,395637.65,6/6/2023,Nigeria,659350.12
214,5773524694,4141456789,3616457211,35778.98,7/24/2022,South Africa,221637.22
215,7243898386,4141456789,7700999996,59800.86,6/11/2022,Nigeria,325696.25
216,6732960288,4141456789,6894309019,107647.28,6/11/2022,Nigeria,107199.59
217,2523989050,4141456789,4978200458,232447.60,6/11/2023,Nigeria,275831.55
218,1692265067,4141456789,5398987690,72164.04,7/28/2022,Nigeria,659468.28
219,5579580207,4141456789,2263387161,451996.31,10/28/2022,South Africa,479362.88
220,2271934621,4141456789,1576095819,349444.40,10/25/2023,Nigeria,578279.16
221,3012863869,4141456789,8238538327,115346.59,5/2/2021,Nigeria,488047.46
222,7101562302,4141456789,7231007457,339986.99,12/18/2021,Nigeria,617215.65
223,7491300421,4141456789,3199201970,122994.19,12/19/2023,Nigeria,643367.08
224,4706876079,4141456789,2232295397,458721.57,2/28/2024,Nigeria,104573.52
225,5089222142,4141456789,7202249766,18036.18,9/1/2023,Nigeria,250241.69
226,8949042851,4141456789,8139665347,160032.27,1/1/2022,Nigeria,693312.33
227,722765568,4141456789,3917586061,272871.64,5/26/2021,Nigeria,561953.75
228,1055617736,4141456789,7641344658,162532.70,5/8/2021,South Africa,130529.07
229,2541921128,4141456789,5716583091,152034.48,12/28/2023,Nigeria,222699.05
230,6706429910,4141456789,7405430937,283484.37,10/4/2023,South Africa,133721.06
231,8616226990,4141456789,8556453619,205515.26,11/8/2023,Niger,516925.42
232,572072589,4141456789,4638697399,115341.24,7/12/2022,Nigeria,333642.03
233,8407801895,4141456789,3141792194,132926.42,3/12/2021,South Africa,405692.47
234,5838203811,4141456789,2403469602,471352.10,5/4/2023,South Africa,452115.45
235,2176333632,4141456789,2497127689,96953.93,3/26/2021,Nigeria,185019.77
236,6344698993,4141456789,8615888,194103.00,3/1/2022,South Africa,117220.37
237,2377156029,4141456789,8414862373,102619.89,12/19/2023,South Africa,660856.04
238,2901486592,4141456789,4699355072,28434.77,12/7/2023,South Africa,200084.78
239,1434459179,4141456789,5040447604,168601.96,4/19/2022,Niger,478832.18
240,470621176,4141456789,8341055821,230486.05,8/28/2021,Nigeria,692630.95
241,501491651,4141456789,230334466,212640.80,5/28/2021,Nigeria,83180.37
242,6457522289,4141456789,6450249323,277602.56,8/1/2022,Nigeria,175802.95
243,9722276875,4141456789,1557136718,35564.96,11/17/2021,South Africa,122430.45
244,2021880079,4141456789,4626333559,163731.38,9/13/2021,Nigeria,73220.50
245,747419817,4141456789,7382113957,339645.56,11/15/2023,Niger,31690.65
246,6991676160,4141456789,9747273942,31878.36,10/20/2021,South Africa,450310.38
247,7111950216,4141456789,3948563233,45162.43,9/2/2021,Nigeria,62982.51
248,2898858161,4141456789,3541462396,59637.88,9/17/2023,Nigeria,669132.59
249,253408318,4141456789,8594287879,240945.45,8/29/2022,Nigeria,567804.20
250,8292791019,4141456789,8548110775,396034.32,1/14/2023,Nigeria,525446.34
251,7327162259,4141456789,8236677915,277225.65,4/16/2022,Niger,643059.56
252,2913765343,4141456789,1200829441,487688.23,10/7/2021,South Africa,341103.93
253,1121427901,4141456789,9467187698,96224.68,10/14/2022,Nigeria,567240.78
254,94627940,4141456789,2080298631,31315.01,4/6/2021,Ghana,556649.72
255,4299150236,4141456789,3576107878,341765.20,7/12/2023,South Africa,582610.23
256,2644174090,4141456789,9940105258,301737.47,8/13/2022,Nigeria,542226.50
257,9687256338,4141456789,4416982097,219261.58,6/25/2023,Nigeria,215201.30
258,1535468912,4141456789,9423381707,399550.16,5/5/2022,Nigeria,474942.20
259,1235270858,4141456789,9628280104,30113.94,3/27/2022,Nigeria,574942.28
260,7070555024,4141456789,1327887053,272181.68,9/23/2023,Kenya,172334.06
261,5325660217,4141456789,3968794451,407435.81,9/30/2021,Niger,633919.54
262,2451507381,4141456789,7123523598,50069.38,11/28/2022,Nigeria,228234.12
263,2049207689,4141456789,5417795771,234193.69,10/5/2021,Nigeria,320453.97
264,3937186700,4141456789,5977465009,217265.71,11/23/2021,Nigeria,542357.30
265,5058474743,4141456789,1865978132,41959.72,12/9/2021,Nigeria,284292.75
266,4083158468,4141456789,9255440551,132417.74,8/22/2021,Togo,163278.66
267,9948031946,4141456789,6548686098,21201.57,3/19/2023,South Africa,255452.98
268,4064898524,4141456789,8044770623,367883.87,8/23/2023,South Africa,610417.36
269,665109148,4141456789,1402851804,119645.35,9/29/2022,South Africa,405213.91
270,4045401954,4141456789,2100973371,193669.18,8/9/2021,Nigeria,83936.82
271,8940776038,4141456789,44541066,78231.63,10/19/2022,Nigeria,360695.09
272,6802840987,4141456789,6623162518,155743.39,12/7/2023,Nigeria,300192.97
273,4294888164,4141456789,8406925787,445378.51,6/4/2023,Nigeria,569448.81
274,338074260,4141456789,686285018,485700.92,4/7/2022,Niger,14199.59
275,406988404,4141456789,8297248615,182904.56,7/6/2021,Nigeria,425667.48
276,2280390493,4141456789,4696857514,114789.71,11/30/2021,Kenya,251894.15
277,5260236572,4141456789,8991596835,493927.83,8/2/2021,Nigeria,512081.92
278,9244342154,4141456789,719201942,183834.06,9/21/2022,South Africa,526393.84
279,9791395845,4141456789,6371676474,197034.37,8/1/2021,South Africa,38370.30
280,2400056137,4141456789,518576000,372006.96,1/19/2022,South Africa,516471.04
281,7152727201,4141456789,7713572775,440404.58,3/22/2021,Burkina Faso,410708.80
282,5958270966,4141456789,5888835358,33168.44,7/8/2021,Nigeria,539797.76
283,709807139,4141456789,5847481462,55401.99,5/6/2022,South Africa,318320.96
284,5571387882,4141456789,2683374631,375810.43,12/8/2021,South Africa,111295.27
285,2682907377,4141456789,90793846,132352.57,2/24/2022,Nigeria,523530.82
286,7975860409,4141456789,537970959,260247.93,7/18/2021,Niger,399939.10
287,655406131,4141456789,8644480219,467694.36,1/2/2023,Nigeria,407212.84
288,7415131894,4141456789,9041847936,141863.54,11/29/2022,Nigeria,557063.19
289,6268023617,4141456789,7894146218,442881.95,4/25/2023,Niger,20538.69
290,272287377,4141456789,8906787111,416482.15,9/13/2022,Nigeria,606024.58
291,511633181,4141456789,9558216704,21764.18,12/25/2021,South Africa,511244.93
292,700840303,4141456789,8243137416,483780.57,8/21/2022,Ghana,110398.93
293,8762842439,4141456789,1051840910,422797.11,12/15/2023,Nigeria,33156.54
294,8880819143,4141456789,329376594,369996.00,3/19/2023,South Africa,445402.41
295,9003624232,4141456789,8524252804,274652.63,3/14/2023,Nigeria,679471.30
296,3343662585,4141456789,90958624,245501.53,1/4/2024,Nigeria,449604.78
297,9400815816,4141456789,8258592890,496447.07,7/6/2022,South Africa,526276.73
298,8499483119,4141456789,3577285613,462976.06,4/12/2021,Kenya,458161.04
299,2466733838,4141456789,7740038520,124933.28,4/30/2021,South Africa,468341.85
300,8537273651,4141456789,9274603452,223756.81,6/29/2021,Nigeria,195515.05
301,9756442832,4141456789,8703993132,430670.86,6/15/2021,Burkina Faso,144091.15
302,1155305604,4141456789,896794261,452561.79,3/8/2023,Nigeria,457843.05
303,5469640817,4141456789,8813228627,347442.81,4/16/2023,South Africa,130528.15
304,7152053774,4141456789,3735840752,153408.53,5/8/2023,South Africa,140345.30
305,8068507965,4141456789,1762132451,195296.54,9/16/2023,South Africa,267743.32
306,6081379825,4141456789,1232476196,245443.10,7/18/2021,Nigeria,513949.31
307,6062027196,4141456789,7186354467,239381.68,3/12/2021,Ghana,140959.68
308,5195863806,4141456789,1039340547,93804.25,6/30/2021,Niger,30541.35
309,1562843370,4141456789,7472608939,282849.52,8/21/2022,Nigeria,493541.26
310,5488392351,4141456789,3426261685,393011.54,10/31/2021,Nigeria,105387.83
311,4574450878,4141456789,1927783410,436010.22,3/12/2022,Niger,50778.80
312,7376230777,4141456789,3555965662,86993.11,2/2/2024,Nigeria,667137.84
313,4005682456,4141456789,360978878,109426.47,1/2/2024,Nigeria,423482.71
314,9583068322,4141456789,5156408893,70408.82,5/29/2022,South Africa,252982.44
315,6663906941,4141456789,7116622497,236436.91,4/11/2021,Ghana,50961.13
316,8319879671,4141456789,6447280959,217650.64,8/6/2021,Nigeria,276550.29
317,7307161664,4141456789,7116949690,79484.41,1/20/2023,Kenya,25635.85
318,1597540749,4141456789,2697412263,280885.92,12/19/2021,Ghana,632694.69
319,7560107664,4141456789,7836907961,495420.34,8/18/2023,Nigeria,674759.71
320,9443417928,4141456789,8496568105,213107.56,4/2/2023,South Africa,289296.09
321,2495631584,4141456789,2562923871,259275.50,4/25/2021,Nigeria,100044.09
322,2953401490,4141456789,7289099265,114978.94,4/8/2021,Ghana,323279.66
323,8208322040,4141456789,1674690134,484118.64,9/25/2022,South Africa,116063.98
324,1825172692,4141456789,8822251016,107036.14,10/23/2023,Nigeria,217869.74
325,5967964215,4141456789,5904203209,435465.59,2/5/2024,Nigeria,85201.90
326,8363868221,4141456789,8061662868,344227.75,3/4/2022,Kenya,541735.75
327,4419314524,4141456789,1808993756,243188.33,7/5/2023,Kenya,476354.65
328,7714145633,4141456789,4802292449,312496.66,2/24/2022,Togo,368850.54
329,6663997718,4141456789,1465317627,54423.14,11/8/2022,South Africa,229017.09
330,9084367804,4141456789,8219106255,495768.49,6/17/2021,Nigeria,487512.95
331,1928079725,4141456789,8322846207,171515.09,5/29/2022,South Africa,210123.85
332,5384503068,4141456789,931449413,113456.10,5/20/2023,Nigeria,171463.65
333,6644923879,4141456789,7846024043,14336.75,1/31/2023,Nigeria,36826.98
334,9046669823,4141456789,2242311417,224904.59,6/3/2021,Kenya,474836.39
335,4352747173,4141456789,830739130,176720.70,10/15/2021,Nigeria,471150.77
336,4825653936,4141456789,1354448669,102793.11,6/22/2022,Nigeria,446283.54
337,3575822255,4141456789,6968002884,417724.08,6/6/2022,South Africa,677334.37
338,9553450067,4141456789,7490261759,382980.20,3/6/2022,Nigeria,33411.25
339,9307046689,4141456789,8004174833,33165.34,2/29/2024,Nigeria,558792.89
340,5028138427,4141456789,3519751771,110929.89,6/30/2021,Kenya,653826.99
341,7148351057,4141456789,3421956081,170192.94,2/7/2024,South Africa,26068.06
342,5902115272,4141456789,3977874292,70187.68,9/2/2022,Burkina Faso,98780.01
343,4590723964,4141456789,3065825058,470190.32,10/1/2022,Nigeria,121196.64
344,870791249,4141456789,4900607711,139540.93,11/18/2023,Nigeria,549743.18
345,1551547511,4141456789,6302658446,3331.24,12/13/2022,Nigeria,356346.17
346,3583908910,4141456789,2278317970,176363.84,1/12/2024,South Africa,242059.92
347,4867754315,4141456789,5303282996,482175.56,3/10/2022,Burkina Faso,422723.16
348,3475046881,4141456789,2163774686,146078.17,5/10/2021,Kenya,421248.66
349,702731501,4141456789,7250979299,61512.64,4/27/2023,Ghana,456308.52
350,558961819,4141456789,1235727688,442064.43,10/2/2021,Nigeria,143610.02
351,9019578022,4141456789,5795471321,79033.89,6/1/2021,Kenya,54979.86
352,3139073194,4141456789,9145589100,320331.00,10/31/2023,Nigeria,159017.63
353,6145170271,4141456789,2983725251,370426.02,5/31/2023,Nigeria,281307.96
354,97951773,4141456789,6000385617,237367.51,1/10/2024,South Africa,264284.12
355,1499940610,4141456789,8037575470,409279.39,4/6/2023,South Africa,160206.05
356,2253666521,4141456789,155526790,326832.85,12/29/2022,South Africa,96343.32
357,3843097208,4141456789,9833074642,217306.80,1/8/2023,Burkina Faso,681246.22
358,6522342197,4141456789,2164578783,471725.43,5/13/2022,South Africa,486593.39
359,7683046086,4141456789,2360498592,383504.26,1/17/2023,South Africa,347121.66
360,9417617885,4141456789,9872265879,463869.13,3/9/2023,Kenya,592665.09
361,6520307920,4141456789,1278119930,9020.72,9/5/2023,Kenya,124681.46
362,3115657749,4141456789,4337372199,10825.13,11/11/2021,Nigeria,614453.92
363,3785641664,4141456789,6480907191,40604.49,9/18/2021,South Africa,310230.45
364,9608955793,4141456789,1690683198,192490.63,9/29/2022,Ghana,322001.34
365,539695785,4141456789,404070035,375312.72,10/14/2021,South Africa,591220.48
366,3481411588,4141456789,177583738,347882.54,7/2/2021,Nigeria,670172.26
367,8873658563,4141456789,2431089339,73755.58,5/14/2021,Nigeria,341165.98
368,2675609951,4141456789,8932172749,304310.39,3/3/2022,Burkina Faso,566217.98
369,7438427447,4141456789,811234142,444429.30,9/10/2022,South Africa,46124.37
370,6940384642,4141456789,6993869578,315058.82,12/23/2022,Nigeria,660429.88
371,1064995713,4141456789,2083946383,39711.31,10/20/2022,South Africa,52789.23
372,8586577367,4141456789,3579934481,22764.91,9/9/2021,South Africa,193896.73
373,1513928465,4141456789,5035158918,147972.30,12/31/2022,Kenya,283480.62
374,8279966730,4141456789,8385669663,331020.23,12/10/2023,South Africa,140359.00
375,7683954322,4141456789,5991600058,445960.72,11/9/2022,Burkina Faso,610984.34
376,6753666931,4141456789,694439134,239224.82,1/16/2023,South Africa,160527.39
377,1059494868,4141456789,6470445993,236039.17,3/29/2021,Nigeria,285502.78
378,4653291756,4141456789,8423091856,204170.68,8/12/2023,Burkina Faso,514919.27
379,4820700618,4141456789,8992375891,152270.73,10/25/2022,Kenya,434078.23
380,6691033574,4141456789,7701699198,257330.79,9/2/2023,South Africa,620135.96
381,3308568039,4141456789,2197254774,369036.84,5/5/2021,South Africa,637134.58
382,6956767546,4141456789,8355515285,60678.85,8/9/2021,Nigeria,185956.73
383,9988270534,4141456789,6268201671,357319.11,6/30/2023,Nigeria,241515.50
384,7485561715,4141456789,8101890238,402178.28,3/5/2021,Kenya,391956.19
385,7561045786,4141456789,8388921703,353867.41,2/24/2023,Nigeria,129096.17
386,7654106777,4141456789,4708019211,190971.42,4/16/2021,Nigeria,476642.14
387,8109446507,4141456789,1597938602,195939.97,8/27/2022,Burkina Faso,159211.85
388,4166710052,4141456789,5334901728,414064.64,6/20/2023,Nigeria,381306.70
389,8755648274,4141456789,9154010985,249329.56,1/8/2022,Nigeria,410146.90
390,5113276340,4141456789,8030509529,61490.32,2/4/2024,South Africa,6642.69
391,1957972416,4141456789,3478931509,406753.20,7/29/2023,Nigeria,491704.88
392,5036402057,4141456789,9941291640,481265.29,2/4/2023,South Africa,686991.87
393,3126953670,4141456789,8234956132,28370.36,9/27/2021,Nigeria,360141.38
394,7925935057,4141456789,8815873759,119625.88,10/26/2021,Nigeria,561783.42
395,7351148406,4141456789,4993385293,134234.68,1/17/2022,Nigeria,406923.91
396,2954942266,4141456789,3287171526,53867.49,2/21/2022,South Africa,130795.25
397,3997648298,4141456789,1336168072,263371.42,1/26/2023,Nigeria,494768.89
398,2706490985,4141456789,557244773,73548.64,4/15/2022,Kenya,48458.15
399,1756677786,4141456789,2985091586,226982.18,10/10/2023,Togo,59344.99
400,7149642020,4141456789,4783001057,26856.16,8/4/2023,Kenya,677270.48
401,9333488995,4141456789,556582691,333882.35,5/28/2021,Nigeria,313881.98
402,7185676029,4141456789,8292653015,380267.25,4/24/2023,South Africa,129618.41
403,205583601,4141456789,3869048123,196269.56,4/22/2022,South Africa,402538.83
404,6753239618,4141456789,5492908308,384354.81,12/21/2022,Nigeria,217154.11
405,7649052087,4141456789,8225861124,335300.35,5/4/2022,Nigeria,66604.49
406,8464162006,4141456789,9603323306,274308.69,9/2/2021,South Africa,63537.99
407,5443111442,4141456789,295059591,309687.36,6/19/2021,Nigeria,176146.81
408,8307117798,4141456789,6304658907,347634.47,12/4/2023,South Africa,687210.71
409,4758129177,4141456789,8550209635,413642.76,9/18/2021,South Africa,155398.60
410,464239125,4141456789,3097923195,176597.55,1/14/2023,South Africa,143369.57
411,5519270627,4141456789,2698310464,265534.44,12/24/2021,South Africa,29444.25
412,5421761444,4141456789,2674374802,51256.34,8/14/2021,Nigeria,247910.78
413,8001974170,4141456789,1180751795,341675.33,1/15/2023,Nigeria,190678.88
414,7500956673,4141456789,3518279084,148154.93,10/5/2023,Nigeria,145065.76
415,5591419623,4141456789,7765738089,50770.70,6/12/2023,Nigeria,264674.62
416,1883211808,4141456789,7724434581,35583.64,2/10/2022,South Africa,397557.11
417,3385051355,4141456789,7583707951,73599.49,11/8/2023,Nigeria,196945.01
418,3809185191,4141456789,3503731342,432319.14,6/11/2022,Nigeria,196171.84
419,6122554464,4141456789,2467749800,167020.54,5/20/2023,Kenya,77251.18
420,3061883207,4141456789,1112311149,360667.46,4/5/2021,South Africa,386692.43
421,1170601502,4141456789,397516479,473970.12,3/14/2021,Nigeria,677154.75
422,3789661279,4141456789,4804881840,85191.09,3/24/2022,South Africa,37315.00
423,7170842971,4141456789,2846236127,44503.74,10/4/2021,Kenya,425342.63
424,6707044826,4141456789,3701196214,376442.87,12/17/2021,South Africa,226422.19
425,6912189539,4141456789,5061467647,237565.97,8/28/2023,Kenya,662190.05
426,7671957569,4141456789,7881292555,268629.54,10/7/2022,Nigeria,693740.20
427,5394119953,4141456789,656117737,385004.22,3/30/2022,Nigeria,495908.43
428,6340305792,4141456789,3620453225,359354.26,12/24/2023,Nigeria,170918.60
429,3967768279,4141456789,4630059547,128480.29,12/2/2021,South Africa,38973.54
430,8769260206,4141456789,7070232721,336464.51,5/3/2021,Nigeria,606586.54
431,6322956035,4141456789,5722806803,106137.71,12/31/2021,Nigeria,365447.34
432,1181489180,4141456789,6501836123,191987.34,9/27/2023,Kenya,478077.98
433,3027967991,4141456789,4564751271,135867.72,10/13/2022,South Africa,415888.15
434,30781809,4141456789,6234889719,339606.54,5/17/2023,Niger,191605.89
435,9827547356,4141456789,548032602,176438.35,9/12/2023,Nigeria,149309.34
436,3810938114,4141456789,6100865262,164671.58,7/28/2023,South Africa,662904.15
437,3399624980,4141456789,1700784471,296247.23,5/30/2022,Nigeria,474856.29
438,7889380968,4141456789,5030273204,210361.69,12/10/2023,South Africa,536313.05
439,3706184346,4141456789,5016578567,337202.00,10/6/2022,Nigeria,228494.39
440,1763417239,4141456789,5893275225,127559.70,12/13/2023,Burkina Faso,435906.72
441,9974214017,4141456789,5053067872,369625.88,6/10/2021,South Africa,137830.26
442,1285176243,4141456789,2066087947,162901.09,8/8/2023,South Africa,253558.03
443,2553622139,4141456789,2730725741,474847.93,10/13/2022,Nigeria,192340.78
444,3560424011,4141456789,9010921220,153025.80,3/14/2021,Nigeria,658853.58
445,9375380459,4141456789,4907023685,18288.27,1/11/2023,South Africa,617401.83
446,3530518530,4141456789,5756440380,101300.19,7/30/2021,Niger,344112.87
447,1545135509,4141456789,8657180723,244523.88,4/23/2022,South Africa,681266.32
448,6915530061,4141456789,5941882955,204644.95,1/12/2023,Burkina Faso,228720.61
449,8378422259,4141456789,5588249178,174252.77,8/1/2023,Nigeria,281558.28
450,9147691360,4141456789,4284716883,421290.73,12/28/2021,Nigeria,285861.80
451,8396569029,4141456789,6088389877,106582.95,6/18/2021,South Africa,473070.60
452,6393068973,4141456789,8126332719,256496.87,7/3/2021,South Africa,39286.50
453,3044377803,4141456789,6595705435,24832.42,2/19/2024,Nigeria,145616.59
454,6877064747,4141456789,7264837629,226483.68,9/6/2022,Nigeria,657865.59
455,2722178311,4141456789,8958541679,489405.31,8/27/2022,Burkina Faso,250601.96
456,472179349,4141456789,6919202395,354232.60,4/18/2023,South Africa,554810.61
457,5561290479,4141456789,1748538284,154812.50,1/31/2023,South Africa,632527.90
458,4427480071,4141456789,3233709064,475268.80,9/28/2021,Nigeria,376250.02
459,6882002703,4141456789,6062064229,383897.95,1/7/2023,Nigeria,331910.95
460,4099634728,4141456789,8572410902,416279.49,1/17/2023,South Africa,345784.90
461,3536681867,4141456789,5502373088,16962.15,2/15/2023,South Africa,558017.12
462,851592791,4141456789,6152397588,364053.02,2/15/2024,Nigeria,12289.71
463,6764441154,4141456789,8191605058,116349.22,8/3/2023,Niger,1717.95
464,4392925242,4141456789,4672932702,151818.82,7/11/2021,Niger,542765.34
465,2166882013,4141456789,7522747686,418572.78,12/30/2022,Nigeria,644420.53
466,6633518331,4141456789,4417587973,441772.29,9/3/2021,Nigeria,534792.80
467,7234514503,4141456789,2684958882,302856.55,11/10/2022,Nigeria,268983.83
468,5447872251,4141456789,9855280679,285079.69,8/23/2023,South Africa,228488.93
469,5050896851,4141456789,7073944803,288689.38,3/26/2023,Nigeria,495066.06
470,4186057273,4141456789,6085489900,248115.55,9/2/2022,South Africa,581860.63
471,9240965068,4141456789,5516651913,140632.31,5/24/2023,South Africa,166248.21
472,765914387,4141456789,7214187825,324702.33,4/25/2023,Nigeria,196338.30
473,8043533059,4141456789,6962286295,40800.92,6/2/2023,South Africa,11062.46
474,5906811818,4141456789,3408364796,350877.07,9/5/2022,Nigeria,169195.96
475,8281499249,4141456789,6367005595,166427.85,4/18/2023,Nigeria,284392.54
476,8085930048,4141456789,5610047900,484377.77,2/8/2024,South Africa,220017.88
477,9776648525,4141456789,8283142356,29640.90,10/23/2021,Kenya,636117.39
478,1355871077,4141456789,8920145520,139406.00,12/8/2023,Burkina Faso,176317.20
479,6673363231,4141456789,6708280744,384025.87,8/19/2022,Nigeria,64652.23
480,3366647132,4141456789,1488232636,412927.38,5/21/2023,South Africa,206675.14
481,8850144733,4141456789,1420174975,219422.59,5/8/2022,Nigeria,499501.59
482,916829081,4141456789,6107400303,477717.37,4/1/2022,Nigeria,558116.12
483,7752458155,4141456789,9291056820,459726.66,10/6/2022,Ghana,247462.29
484,3501448414,4141456789,6732217461,125604.63,4/23/2023,South Africa,252818.88
485,3328589449,4141456789,5736740303,163682.26,3/18/2021,Nigeria,619756.91
486,4328342746,4141456789,5644355691,118892.11,9/26/2022,Kenya,299784.21
487,6462336285,4141456789,6623750347,129619.88,2/8/2023,Nigeria,260229.49
488,9487379568,4141456789,6510727145,51003.87,2/16/2023,Nigeria,660123.42
489,4889247149,4141456789,9072678419,440031.05,10/30/2022,South Africa,263766.86
490,6017143727,4141456789,3228037118,307833.47,3/19/2021,Nigeria,196056.74
491,2982134365,4141456789,6905910465,31192.76,4/20/2021,Nigeria,15160.54
492,1489236732,4141456789,5802670320,265312.62,3/4/2024,Nigeria,397284.21
493,7099122355,4141456789,5742396384,413956.40,12/24/2021,Niger,192841.39
494,8674813771,4141456789,527301310,281836.29,7/18/2021,Nigeria,131024.02
495,2105541135,4141456789,1501392093,122475.17,11/22/2022,Kenya,641783.88
496,8838063524,4141456789,3487524341,134030.94,12/29/2022,Nigeria,62520.78
497,3859110098,4141456789,458578193,413018.66,5/8/2023,South Africa,120795.21
498,2790315698,4141456789,4808869209,54841.96,10/17/2023,Nigeria,189910.02
499,3667417586,4141456789,7815489109,297463.60,5/14/2023,Nigeria,64799.74
500,913187593,4141456789,2659270422,426074.83,4/17/2022,South Africa,266072.31
501,9443747103,4141456789,5093607460,133373.13,3/18/2021,Nigeria,385092.84
502,6617861299,4141456789,2173666800,139709.09,8/26/2022,South Africa,462058.64
503,5980334297,4141456789,5835656572,425944.44,1/4/2022,South Africa,559038.17
504,9832315212,4141456789,5748885166,432152.33,3/6/2021,Nigeria,110893.89
505,8518592259,4141456789,3881395636,364353.21,12/10/2021,Nigeria,426179.34
506,4945538077,4141456789,2138320138,52005.40,7/21/2022,Nigeria,53969.09
507,5492093517,4141456789,4681307939,163443.75,10/5/2023,Nigeria,198328.12
508,3567577387,4141456789,8926005410,83323.18,2/24/2024,South Africa,384827.24
509,6435984654,4141456789,6063622365,340014.90,9/14/2022,Nigeria,219875.50
510,4433151408,4141456789,2903372217,432849.59,5/4/2021,Nigeria,614994.03
511,7028466604,4141456789,4313761934,136539.35,11/26/2022,South Africa,219629.13
512,3150417325,4141456789,1912706709,460491.82,6/20/2021,Nigeria,320791.95
513,77784847,4141456789,6442811948,278224.81,7/4/2023,Nigeria,664958.16
514,5583813563,4141456789,5910103504,148379.56,5/25/2021,Nigeria,33749.28
515,2761025024,4141456789,7064434962,452575.79,11/18/2022,Kenya,459189.20
516,6341590008,4141456789,6449035013,44331.65,7/26/2022,Nigeria,441691.41
517,9096591607,4141456789,8786982605,498286.69,1/8/2024,Nigeria,304677.49
518,5431127225,4141456789,8721575959,291569.47,4/29/2021,Ghana,264405.88
519,8153521462,4141456789,2121797661,170424.36,1/9/2024,Kenya,621341.59
520,9596036750,4141456789,7586156131,423083.80,12/24/2022,South Africa,15551.63
521,8078436858,4141456789,167833855,141856.28,12/31/2022,Kenya,653591.42
522,1116439468,4141456789,1125330651,212240.63,10/17/2022,South Africa,496909.08
523,2914943911,4141456789,1143456750,134847.95,11/10/2023,Nigeria,243557.53
524,5240039755,4141456789,2745852051,174516.97,4/22/2021,Nigeria,4935.86
525,6844117973,4141456789,6483108729,408249.12,2/7/2022,Nigeria,192370.14
526,8637061788,4141456789,6485514554,330571.28,9/22/2023,Nigeria,690890.31
527,3638658678,4141456789,1309860432,257816.33,7/26/2023,Togo,313953.55
528,1433357135,4141456789,538891521,94091.68,2/21/2023,South Africa,265620.39
529,5836357080,4141456789,4966652502,18544.73,8/17/2023,Togo,396561.73
530,5989959915,4141456789,948677120,84047.05,7/30/2023,Nigeria,520524.64
531,4518569075,4141456789,6536628659,420531.03,11/30/2021,Kenya,485562.98
532,8473064,4141456789,7881978554,351385.78,4/5/2022,Nigeria,569793.38
533,4673174119,4141456789,7554750283,141003.03,5/18/2023,South Africa,207362.35
534,9281984261,4141456789,46951326,112224.91,2/22/2022,South Africa,447603.15
535,7914733326,4141456789,8277016352,470646.50,10/23/2021,Kenya,553967.71
536,1080337199,4141456789,7478469302,444705.15,3/26/2021,South Africa,21665.52
537,2918285315,4141456789,483236047,173819.62,11/11/2022,Nigeria,659459.34
538,7333869318,4141456789,813794943,432834.55,3/19/2023,South Africa,659536.21
539,1391720369,4141456789,299185850,338361.58,5/21/2023,Nigeria,431124.71
540,4460146606,4141456789,1680858610,179176.28,8/14/2022,Nigeria,62410.37
541,6636160381,4141456789,2770676520,223621.41,6/12/2022,Nigeria,653976.49
542,1618308696,4141456789,1879871084,162701.57,3/30/2023,Nigeria,217149.29
543,6741640657,4141456789,4062631539,490806.52,3/12/2021,South Africa,356953.70
544,2893216765,4141456789,9854976351,177036.71,6/14/2023,Burkina Faso,630317.39
545,8976688627,4141456789,8086563618,81367.00,12/8/2022,Nigeria,523119.34
546,2187006298,4141456789,7636724820,249296.76,9/22/2021,South Africa,65573.94
547,2341823416,4141456789,5067895713,79254.04,5/7/2022,Nigeria,697543.82
548,5226701411,4141456789,1502226111,154211.08,7/10/2022,Nigeria,615868.84
549,7034062986,4141456789,7891589976,109981.00,11/17/2021,Nigeria,127160.70
550,931257514,4141456789,8312636951,268561.47,8/19/2021,South Africa,28833.07
551,8072236490,4141456789,4818479098,280289.02,11/13/2023,Nigeria,94577.15
552,1521361991,4141456789,3245033044,253075.43,8/8/2023,Niger,12192.93
553,7052502496,4141456789,9172840544,218944.27,11/15/2022,Kenya,386197.23
554,5472136687,4141456789,821341057,330307.20,3/29/2023,Burkina Faso,516861.69
555,3028797178,4141456789,6426906409,90160.82,3/10/2023,South Africa,318921.01
556,4226014227,4141456789,8270079278,499997.59,1/31/2023,Nigeria,300399.88
557,4155114240,4141456789,8937226162,388202.10,6/1/2022,Nigeria,35920.25
558,11405562,4141456789,5366786983,390308.33,12/10/2021,Nigeria,323415.27
559,1601808712,4141456789,9513011968,469359.27,11/1/2023,South Africa,317045.40
560,2479295850,4141456789,8446178729,327263.64,3/8/2022,Ghana,63965.78
561,9431439077,4141456789,5981715731,154070.22,3/20/2022,Kenya,200804.42
562,3643633211,4141456789,894941704,144053.20,8/15/2021,Kenya,24131.46
563,8804185449,4141456789,4926195313,447489.90,4/17/2022,Ghana,386081.16
564,9591806841,4141456789,9397739980,143739.13,12/7/2023,South Africa,211429.86
565,8451556108,4141456789,846809400,127566.54,11/14/2022,Niger,457513.50
566,4145329740,4141456789,9840874721,201831.29,11/2/2023,Nigeria,451102.85
567,4992090087,4141456789,2823292284,7680.21,1/21/2022,Nigeria,85025.11
568,6463728667,4141456789,2115215648,245447.84,9/22/2022,Kenya,690245.02
569,6001227713,4141456789,9959148165,8729.44,3/29/2021,Nigeria,14878.62
570,2311453661,4141456789,7449159546,476559.65,5/6/2021,South Africa,614187.86
571,6624300337,4141456789,3230280822,241074.97,10/5/2022,Nigeria,68055.32
572,6511631915,4141456789,5731344876,184071.03,7/29/2023,Nigeria,595632.47
573,8497500113,4141456789,9433138317,481707.07,6/25/2021,Burkina Faso,143886.38
574,4286363724,4141456789,5241258620,402265.39,8/28/2021,South Africa,530930.64
575,7770263468,4141456789,1920046437,58631.92,10/12/2023,Nigeria,262123.83
576,7662343820,4141456789,6179528853,207672.60,1/3/2022,Kenya,56526.66
577,147048559,4141456789,2648710698,436878.63,8/11/2022,Kenya,103502.76
578,8555206944,4141456789,7678433069,162674.61,8/18/2021,Nigeria,486753.91
579,7125350534,4141456789,9827850075,214872.92,11/5/2023,Niger,154909.88
580,3702471197,4141456789,746102259,355962.41,7/17/2023,Nigeria,303635.62
581,8367253116,4141456789,9427390093,368007.00,4/24/2023,Nigeria,152347.56
582,5803040231,4141456789,8892730169,368012.81,1/4/2023,South Africa,171247.56
583,2363227549,4141456789,227306279,430995.31,2/7/2024,South Africa,275653.77
584,4223686100,4141456789,8569087055,171080.22,1/9/2022,Nigeria,629694.90
585,4380784738,4141456789,224414518,352917.42,4/23/2022,Nigeria,615094.15
586,1305589254,4141456789,3219467679,461653.36,8/10/2023,Nigeria,497774.06
587,234965266,4141456789,2758625547,36084.92,11/19/2022,Nigeria,179948.22
588,7840958494,4141456789,5588865170,467395.11,3/13/2023,Niger,21532.91
589,665197810,4141456789,9755068406,382954.53,1/13/2023,Nigeria,350768.00
590,2708713760,4141456789,1050283619,25691.01,9/22/2023,Nigeria,521209.30
591,795227272,4141456789,156616939,494661.66,7/3/2023,Nigeria,286002.07
592,140049487,4141456789,1261784987,304179.28,11/18/2022,South Africa,563407.52
593,6844471661,4141456789,6317224617,309604.90,5/14/2022,Nigeria,502646.31
594,3538237395,4141456789,1997510693,330419.05,9/30/2022,Nigeria,343984.65
595,6985071155,4141456789,6140573432,81253.81,12/12/2022,Niger,630455.24
596,8180587800,4141456789,7517364510,54890.44,9/28/2021,South Africa,278921.69
597,5038317197,4141456789,831301155,316698.99,6/17/2022,Nigeria,555949.03
598,5640882735,4141456789,2897250143,205334.30,9/10/2023,Nigeria,183663.73
599,9718989803,4141456789,368080374,154865.30,8/19/2023,Burkina Faso,173237.29
600,4326103868,4141456789,5471197615,467575.50,7/12/2021,Niger,532114.59
601,3397717264,4141456789,266663494,433486.23,9/20/2021,Kenya,62757.25
602,4176483903,4141456789,9597059045,332956.36,12/25/2023,Nigeria,643605.19
603,7799585439,4141456789,4906141730,125838.83,9/11/2023,Kenya,601228.75
604,3500854516,4141456789,7963054488,240800.77,12/6/2022,Nigeria,688072.04
605,9520762086,4141456789,3460728043,157652.24,8/18/2021,Kenya,340083.45
606,7669790075,4141456789,7581973387,444803.97,8/25/2023,Nigeria,559169.01
607,8800127258,4141456789,1075242452,268826.79,2/10/2024,Nigeria,410856.50
608,7174973671,4141456789,9079897000,156199.28,4/22/2021,Nigeria,210348.84
609,7385525709,4141456789,4331395723,469038.07,7/18/2022,Nigeria,165073.31
610,8881247038,4141456789,8969877002,1242.03,12/27/2023,Kenya,571145.66
611,6898454285,4141456789,8688396574,488850.40,8/11/2021,Ghana,674434.69
612,2830913205,4141456789,5705124961,472372.20,12/24/2022,Burkina Faso,373465.70
613,8529484398,4141456789,9858832931,43718.95,11/27/2023,Nigeria,406001.74
614,3668857822,4141456789,1513517228,173213.87,10/30/2021,Nigeria,654910.66
615,8922993332,4141456789,4706311616,329452.91,11/9/2021,Ghana,318921.54
616,6270862531,4141456789,3150116600,113767.76,3/30/2023,South Africa,200180.21
617,156993554,4141456789,9698567968,343796.91,6/7/2021,South Africa,612050.24
618,3603073894,4141456789,5299580835,34342.90,10/28/2021,Nigeria,533830.62
619,9320533563,4141456789,1513113798,191058.28,1/23/2024,Nigeria,683219.10
620,9664930113,4141456789,2288683791,490627.07,11/12/2023,Nigeria,108685.17
621,9359343528,4141456789,714154342,468952.77,7/30/2021,Kenya,246040.60
622,4607945471,4141456789,389601039,360000.93,8/2/2023,Nigeria,349597.24
623,6677912922,4141456789,8115104574,202114.95,3/1/2023,Nigeria,547477.98
624,696745844,4141456789,9573842157,143163.33,12/21/2023,South Africa,679305.58
625,9623150199,4141456789,127721657,373151.85,4/18/2021,Kenya,388608.89
626,2371397903,4141456789,2633071538,138039.34,11/16/2023,Niger,2364.05
627,9301415674,4141456789,4486905318,196135.27,9/24/2022,Kenya,526045.27
628,340788011,4141456789,7075091700,498922.90,7/13/2021,South Africa,477549.56
629,1124273492,4141456789,9003743452,311679.71,7/29/2021,South Africa,678205.99
630,6689611388,4141456789,3080656539,159649.02,8/30/2021,Kenya,166789.04
631,2774610435,4141456789,8750974246,480955.06,1/24/2022,Nigeria,91925.99
632,2367273901,4141456789,8207373911,311021.88,9/27/2022,South Africa,159533.64
633,8008807172,4141456789,3398057195,64152.61,5/15/2022,South Africa,243417.10
634,4457686735,4141456789,2887278770,297138.74,2/6/2023,South Africa,371605.29
635,3207172938,4141456789,7063470566,14874.55,9/28/2023,Kenya,619025.98
636,8843406213,4141456789,3014727431,367393.15,11/27/2023,Nigeria,135596.22
637,7889254954,4141456789,3329032928,242220.03,9/14/2021,Kenya,290121.12
638,8265021909,4141456789,4570267106,401454.04,8/29/2023,Nigeria,558018.26
639,5257144697,4141456789,7989280205,307469.51,10/24/2022,Nigeria,303788.95
640,4843850810,4141456789,3450503251,134923.05,7/15/2022,Nigeria,239769.12
641,2416578634,4141456789,794254357,183348.35,7/17/2022,Nigeria,133459.97
642,4324745390,4141456789,721672159,85368.86,11/16/2023,South Africa,635823.35
643,6355103236,4141456789,7606426341,350228.63,2/22/2022,Nigeria,644228.40
644,1816230383,4141456789,9855743415,200173.83,8/1/2023,South Africa,478393.57
645,7355821652,4141456789,5723715747,316103.81,9/21/2023,South Africa,46243.22
646,5734236888,4141456789,7231100651,270116.87,3/17/2021,Nigeria,304293.81
647,2302871332,4141456789,1093126612,314853.11,4/29/2021,Nigeria,280669.23
648,1041729804,4141456789,7928361035,19898.65,8/26/2021,Burkina Faso,559333.59
649,7093964524,4141456789,6605820827,335503.58,1/21/2023,South Africa,420074.07
650,6274873627,4141456789,4352061336,229300.13,7/17/2022,Burkina Faso,102808.53
651,7081953689,4141456789,4701087661,128462.92,11/17/2022,South Africa,545541.75
652,5591732046,4141456789,8779198759,49952.63,8/15/2021,Nigeria,378454.64
653,3530744549,4141456789,3502573603,330940.14,11/11/2022,South Africa,258440.09
654,3323715462,4141456789,6611607692,473743.47,9/30/2022,Kenya,405276.74
655,1261504720,4141456789,6885275948,137873.17,8/20/2022,Togo,411992.93
656,5256937898,4141456789,2332322922,190238.42,3/31/2022,Burkina Faso,302441.36
657,8082658142,4141456789,4082270582,293011.15,8/21/2022,Nigeria,200574.42
658,1518079768,4141456789,7370631605,447058.98,2/19/2022,Burkina Faso,556911.64
659,9674994033,4141456789,5995669222,462077.53,1/14/2022,South Africa,166158.73
660,8931777930,4141456789,4858122808,283660.88,11/18/2021,South Africa,92382.51
661,1357410743,4141456789,9792516115,101013.83,1/12/2023,Nigeria,220461.87
662,778399737,4141456789,6701204007,486440.38,7/5/2021,South Africa,254315.40
663,32169981,4141456789,4663644295,477807.00,12/8/2021,Nigeria,381086.09
664,8895278496,4141456789,9893665132,382222.79,4/6/2023,Burkina Faso,395415.61
665,808155822,4141456789,1382346425,470796.03,11/30/2021,Nigeria,220878.60
666,4861066115,4141456789,2287093737,343664.50,12/14/2022,Nigeria,584425.11
667,7467587945,4141456789,7309696018,76640.66,2/8/2023,Nigeria,645740.15
668,4542595153,4141456789,6608484305,361744.97,6/29/2022,Burkina Faso,415973.68
669,6456220491,4141456789,8176318264,167729.39,9/28/2021,Nigeria,90070.93
670,6843489664,4141456789,9978296417,483219.42,1/1/2022,Niger,116819.34
671,1711720704,4141456789,3720052931,210228.96,3/31/2022,Nigeria,654596.71
672,6779466255,4141456789,543560953,30471.13,7/29/2023,Nigeria,636928.18
673,4928101510,4141456789,5484395356,99834.70,1/3/2023,Nigeria,401822.07
674,2900748305,4141456789,7976667009,444749.32,1/17/2023,Nigeria,423282.95
675,4179222027,4141456789,5750677869,353480.60,3/3/2024,Togo,128157.22
676,7830995419,4141456789,975353446,186114.57,2/13/2023,Togo,616261.77
677,5806639916,4141456789,4510576285,434290.53,7/30/2021,Nigeria,108161.78
678,326081801,4141456789,6270198895,251242.49,3/15/2021,South Africa,491862.36
679,2026062137,4141456789,1803107936,82806.01,1/21/2022,Nigeria,227559.03
680,7855077340,4141456789,3178963413,227451.83,8/11/2021,Kenya,572374.78
681,5036550005,4141456789,2511741202,358433.78,10/20/2021,Kenya,309390.96
682,6756324977,4141456789,8511230718,368403.79,7/28/2023,Togo,95547.61
683,5823830114,4141456789,3312359732,155821.85,11/1/2022,South Africa,576225.30
684,1138603465,4141456789,1882563522,496903.65,10/16/2021,Nigeria,540791.40
685,7930189988,4141456789,8709539484,195541.10,5/22/2023,Nigeria,324141.23
686,3893290834,4141456789,3707102629,39837.30,8/16/2021,Nigeria,75260.91
687,379486636,4141456789,1149662123,44990.78,8/10/2021,Kenya,625855.10
688,1024756815,4141456789,2286613737,157928.22,4/16/2023,South Africa,696918.55
689,2068763451,4141456789,8525319279,248390.77,12/29/2023,Kenya,409483.65
690,5131336198,4141456789,1827282886,218670.84,2/14/2024,Nigeria,46858.06
691,4331941310,4141456789,7755049434,397347.71,9/21/2023,Nigeria,504351.09
692,1463895747,4141456789,8803806938,491170.36,7/29/2021,Kenya,388573.46
693,2375460251,4141456789,6573098366,343301.45,9/22/2023,South Africa,300954.57
694,324418965,4141456789,4826810113,104400.72,6/20/2022,Nigeria,497147.07
695,2232870197,4141456789,5762597598,13655.37,6/25/2021,Nigeria,591957.24
696,1463948581,4141456789,741157063,307960.83,2/17/2024,South Africa,337662.32
697,336569637,4141456789,4582377149,5678.56,3/10/2021,Kenya,308947.00
698,7839502199,4141456789,6606903440,105469.50,1/7/2024,South Africa,164890.79
699,3975367008,4141456789,7157417898,487426.27,10/10/2022,Togo,66535.99
700,2339700280,4141456789,4373669953,494940.75,3/15/2023,Nigeria,640726.24
701,1162243139,4141456789,7037002909,212646.74,8/29/2021,Kenya,85927.27
702,3636698605,4141456789,1078926565,350158.28,8/22/2023,Nigeria,77927.71
703,557604044,4141456789,8640021228,333335.48,8/13/2022,Kenya,104957.48
704,5029554378,4141456789,6461600531,34014.46,5/4/2023,South Africa,568003.52
705,4759770615,4141456789,6092173956,297165.35,7/16/2021,Nigeria,129030.37
706,7687250532,4141456789,3179809140,159253.69,2/25/2024,Nigeria,547362.85
707,2709063441,4141456789,4228082858,87846.77,12/14/2021,South Africa,336869.90
708,4502240869,4141456789,4279298882,468504.67,9/1/2022,Burkina Faso,188240.53
709,6630672739,4141456789,1615920846,308671.38,11/19/2021,Nigeria,323103.83
710,3722067774,4141456789,9620285360,278641.73,9/15/2022,Nigeria,2954.54
711,9463103007,4141456789,5838240911,397426.44,4/12/2023,Togo,470567.72
712,8163568453,4141456789,648721035,459322.04,8/29/2021,Burkina Faso,39029.42
713,6974074301,4141456789,9911930149,182651.09,5/7/2023,South Africa,35500.04
714,2269709764,4141456789,9379026080,179938.01,2/17/2024,Burkina Faso,407679.91
715,101321503,4141456789,9225661347,175922.61,10/24/2022,Nigeria,147642.27
716,353498335,4141456789,7239795039,62099.08,8/13/2021,Nigeria,688233.41
717,2964869375,4141456789,6585224345,287934.85,5/21/2021,Nigeria,185630.57
718,5646113199,4141456789,8246774441,437847.38,8/27/2023,Kenya,193044.38
719,4757012659,4141456789,3145456849,245896.53,7/27/2022,Niger,357761.00
720,1511502576,4141456789,8141692275,415082.40,7/31/2023,Nigeria,654524.76
721,3712963122,4141456789,4253421601,244201.21,11/30/2021,South Africa,675571.72
722,9327815599,4141456789,1940835380,214379.56,5/26/2022,Nigeria,92408.91
723,9127272036,4141456789,9879309375,111163.45,9/30/2023,South Africa,153758.71
724,4870656752,4141456789,8466878866,126118.96,5/18/2021,Kenya,380530.54
725,9405677217,4141456789,9366509789,42378.69,3/8/2023,Nigeria,643230.94
726,2805591135,4141456789,8431443111,93063.52,4/13/2023,South Africa,413875.05
727,7382952002,4141456789,5508440801,256268.96,3/1/2023,Nigeria,346606.07
728,4019080127,4141456789,1521001294,438701.44,5/21/2021,Nigeria,452305.00
729,7265167341,4141456789,8959847550,462673.57,8/17/2023,Nigeria,485629.95
730,9460396844,4141456789,3163893260,56508.08,12/17/2023,Nigeria,515821.28
731,8830217719,4141456789,8103739065,364723.14,9/29/2022,Togo,168113.20
732,4057558845,4141456789,2184264962,114536.53,6/23/2023,South Africa,298723.84
733,1777961246,4141456789,1652995021,194515.91,8/27/2021,South Africa,429627.81
734,5370163278,4141456789,8990190827,168889.70,8/15/2023,Ghana,618188.98
735,6865597443,4141456789,5467997823,164947.20,3/4/2023,South Africa,488821.38
736,8181023722,4141456789,2917145536,307973.66,12/29/2021,South Africa,256691.76
737,4381828399,4141456789,6498306904,67537.46,5/23/2022,Nigeria,33484.16
738,7915805843,4141456789,9759360403,257414.97,1/5/2024,Nigeria,31394.97
739,7547614744,4141456789,7049963291,333104.14,2/25/2024,South Africa,432424.80
740,8535468323,4141456789,6947579058,332457.72,9/3/2021,South Africa,616746.26
741,6813262769,4141456789,4275492323,17872.36,3/28/2022,Ghana,294727.79
742,7411686816,4141456789,3531546783,297067.22,9/19/2022,Niger,343304.83
743,8692466956,4141456789,9283089685,44849.17,4/10/2022,Nigeria,613772.92
744,9008057859,4141456789,4886447961,106032.66,12/8/2022,Kenya,13519.48
745,1458871355,4141456789,1804755257,479278.28,2/23/2022,Nigeria,586354.01
746,1845381106,4141456789,8240896243,143502.08,1/17/2023,South Africa,424914.46
747,593212886,4141456789,1323014152,228325.63,3/2/2024,Niger,176888.41
748,8426898408,4141456789,8272560089,308993.57,5/10/2023,South Africa,542992.82
749,7160457641,4141456789,5046103389,276774.95,4/28/2022,South Africa,257281.78
750,343001977,4141456789,5387518139,244725.29,1/19/2022,Togo,337516.43
751,9306999542,4141456789,5580196814,427302.87,2/18/2022,Nigeria,297379.24
752,8698823793,4141456789,6111212311,20531.68,3/31/2022,Nigeria,594205.71
753,9341164761,4141456789,9104002458,230345.81,12/17/2022,Nigeria,686134.51
754,6676051427,4141456789,2891506782,15794.20,7/16/2023,South Africa,436679.33
755,6524332911,4141456789,4522821263,175222.38,1/30/2022,Nigeria,362300.07
756,1149632666,4141456789,1320589936,312540.71,12/14/2021,Togo,299064.05
757,7119893572,4141456789,8429093419,423837.13,7/2/2023,Nigeria,118928.66
758,800380657,4141456789,7569879767,204505.13,1/24/2024,South Africa,270557.75
759,5762417735,4141456789,9919954799,277047.45,8/30/2022,South Africa,125184.29
760,682371653,4141456789,7712987742,13757.37,2/28/2022,Nigeria,405847.92
761,4088444140,4141456789,2786948592,360689.06,1/8/2022,Nigeria,487386.07
762,3332316850,4141456789,3140554931,459993.10,8/30/2022,South Africa,107289.36
763,8642744669,4141456789,616395027,97297.55,1/2/2023,South Africa,278921.19
764,4737358975,4141456789,4597791876,108962.07,7/10/2021,Ghana,687763.56
765,7308734412,4141456789,9147349255,3804.70,11/19/2022,Niger,43624.71
766,3335043731,4141456789,4252452554,455852.66,4/2/2021,Nigeria,120454.44
767,773692762,4141456789,5190070980,474853.24,12/7/2021,South Africa,173604.95
768,1249674514,4141456789,6953866101,239252.69,12/9/2022,Niger,259915.36
769,9742465649,4141456789,8484092011,40847.49,1/4/2023,Burkina Faso,591611.34
770,5810228534,4141456789,5815540153,322121.43,7/2/2022,Kenya,35537.88
771,4793641601,4141456789,3182076329,244515.62,7/27/2022,Niger,4222.34
772,8859718007,4141456789,920512518,110389.03,9/7/2021,Nigeria,677213.89
773,6249525912,4141456789,1680066811,103601.67,1/1/2022,South Africa,260128.85
774,2422993990,4141456789,2775462170,366177.88,12/4/2023,South Africa,620370.33
775,5075354181,4141456789,3683993367,165617.76,8/29/2021,Ghana,615811.77
776,9396055905,4141456789,2539941729,149169.66,5/9/2023,Kenya,301259.63
777,4814886489,4141456789,782915132,261001.88,11/10/2022,South Africa,553115.70
778,4565027828,4141456789,3635530654,127977.80,3/19/2021,Nigeria,293808.83
779,8878157880,4141456789,2133663215,3709.80,12/5/2022,South Africa,512136.69
780,4385454825,4141456789,3542360856,336517.88,2/6/2024,South Africa,424625.58
781,4863289375,4141456789,6044129829,156400.88,6/18/2022,Ghana,649521.05
782,1354847369,4141456789,8436537831,133094.90,11/16/2023,Nigeria,228741.24
783,380091798,4141456789,5590812852,211248.22,8/29/2022,Nigeria,447484.12
784,7130843675,4141456789,4673470249,258031.54,11/18/2022,South Africa,264568.13
785,2640862898,4141456789,3654203930,215520.94,2/2/2023,South Africa,683827.53
786,8248240444,4141456789,3418369030,255611.29,4/3/2023,Burkina Faso,55978.19
787,5728703046,4141456789,2324985144,279797.11,3/19/2023,Nigeria,383754.41
788,5743154317,4141456789,6909550684,371659.76,8/20/2021,Kenya,618753.79
789,5340357074,4141456789,706679504,156264.53,9/18/2021,Nigeria,69806.23
790,608312649,4141456789,1485169445,68678.64,1/17/2022,Togo,528548.25
791,7590938440,4141456789,5968630086,144859.92,8/7/2021,South Africa,399154.72
792,5782667206,4141456789,7301604548,366656.40,8/20/2021,Nigeria,669822.69
793,6689151727,4141456789,2117497136,408174.58,4/19/2021,Nigeria,355223.11
794,5027841922,4141456789,978987861,400005.88,7/9/2021,South Africa,176102.51
795,9234180488,4141456789,5784246623,182779.68,1/26/2023,Nigeria,549521.08
796,6124277654,4141456789,8741343948,441590.84,11/20/2021,Nigeria,672327.17
797,4977272242,4141456789,3262718076,200094.85,8/22/2021,South Africa,484361.56
798,8020348875,4141456789,4444762233,369904.22,4/26/2021,Nigeria,395068.63
799,6600289163,4141456789,5233573466,146552.00,3/22/2021,South Africa,482466.25
800,7047084525,4141456789,2578023093,226467.59,2/13/2022,South Africa,282764.97
801,720749417,4141456789,2046629507,339073.24,7/16/2022,Nigeria,390230.61
802,306362449,4141456789,6712029171,352726.52,4/19/2023,Nigeria,162820.79
803,2407736397,4141456789,995098794,323432.03,5/21/2023,Nigeria,143889.43
804,1117235254,4141456789,294268618,29035.37,12/3/2021,South Africa,342314.86
805,9726933145,4141456789,4754394542,52481.44,9/16/2023,Nigeria,165033.21
806,7498784955,4141456789,4833866854,36271.02,1/25/2024,Nigeria,83936.62
807,6735562763,4141456789,4679744731,42271.34,5/29/2022,South Africa,460593.75
808,5719481184,4141456789,2358404462,64211.79,3/3/2022,South Africa,201181.67
809,1848986645,4141456789,5171938830,63091.61,12/29/2022,Nigeria,657566.18
810,8916003695,4141456789,1643639501,504.28,12/13/2022,Niger,105845.37
811,4994397538,4141456789,7303966846,220866.52,1/7/2022,Burkina Faso,581012.43
812,7321554333,4141456789,4240004535,28774.56,4/18/2021,South Africa,389074.40
813,3702644032,4141456789,3706667576,261300.88,10/5/2023,Nigeria,248303.05
814,7792689484,4141456789,9592898685,374528.01,1/9/2023,Nigeria,672551.28
815,3028966026,4141456789,2067258001,169841.15,8/30/2023,South Africa,262906.96
816,8809387198,4141456789,8409882388,138842.40,10/15/2022,Nigeria,568388.44
817,9668122100,4141456789,8986203448,91601.68,2/22/2023,Nigeria,615536.60
818,752864017,4141456789,8188534978,65020.83,2/7/2022,Nigeria,582652.10
819,3911849141,4141456789,5630024086,419159.35,10/20/2022,Nigeria,406195.76
820,6880224865,4141456789,9772985705,165453.06,5/17/2021,Nigeria,337443.47
821,1678913847,4141456789,917366999,371160.59,8/18/2021,South Africa,442882.19
822,974163317,4141456789,2109083433,371778.15,3/24/2022,Nigeria,637895.22
823,1194617921,4141456789,6989115017,334500.34,1/20/2023,Niger,63184.94
824,4842703938,4141456789,1584571578,41923.77,8/3/2021,South Africa,152985.70
825,6323945517,4141456789,8709996605,449590.24,7/5/2022,Ghana,310856.96
826,5480426672,4141456789,5427752072,203462.06,10/9/2023,Niger,487068.52
827,207505055,4141456789,1238259170,465000.98,1/29/2023,Burkina Faso,364143.38
828,5755462771,4141456789,1865550051,118764.91,2/5/2022,Ghana,60429.51
829,399312307,4141456789,9441259101,367922.95,1/22/2023,Nigeria,289551.87
830,9472326439,4141456789,9622483917,9572.36,5/22/2023,South Africa,687357.17
831,8587092510,4141456789,31266215,30311.69,3/6/2022,Kenya,643396.60
832,8614937954,4141456789,7659691341,472365.74,2/22/2024,South Africa,587379.14
833,7659645897,4141456789,1904962556,320573.54,11/12/2022,Kenya,338394.76
834,7528938998,4141456789,7532711323,110840.48,8/25/2023,Burkina Faso,329252.38
835,4861719364,4141456789,7227876675,185542.09,6/28/2023,Burkina Faso,662179.85
836,1914884477,4141456789,6590308314,46340.33,3/22/2021,South Africa,415127.31
837,703108344,4141456789,5915594034,154338.86,8/7/2023,Burkina Faso,24068.08
838,2557560618,4141456789,538878711,164084.35,7/14/2023,Burkina Faso,240181.08
839,8269581615,4141456789,7084618376,132287.08,4/3/2022,Togo,67886.11
840,1485773393,4141456789,1422898091,337250.06,5/17/2021,Nigeria,426453.85
841,4897486947,4141456789,4080271263,448320.79,4/7/2022,Nigeria,25999.60
842,5921354988,4141456789,6059175147,120110.95,1/28/2024,Kenya,136246.13
843,9538563042,4141456789,8021788380,493372.78,11/22/2023,Nigeria,16741.80
844,7016765415,4141456789,2007484277,2118.47,1/5/2024,South Africa,71539.44
845,8598568554,4141456789,2695601395,148901.96,9/18/2021,Nigeria,174210.49
846,2414366699,4141456789,218149255,241952.44,12/8/2022,Nigeria,284176.20
847,5091414398,4141456789,3469672458,262179.50,5/12/2021,Nigeria,481333.02
848,4237717755,4141456789,4615242360,22989.15,11/23/2023,South Africa,314840.60
849,8066244665,4141456789,4689252890,50015.77,10/12/2021,Kenya,313771.20
850,5535542547,4141456789,6239763063,216634.70,7/2/2021,Nigeria,268641.09
851,4794117833,4141456789,6151067428,127071.53,12/8/2022,Nigeria,509795.55
852,7449539462,4141456789,7885036545,267808.83,4/6/2023,Nigeria,91916.98
853,9740901077,4141456789,2861920769,217381.64,10/18/2021,Ghana,626317.75
854,852203179,4141456789,293825300,232311.28,11/20/2023,South Africa,113654.85
855,8657157438,4141456789,4487063620,369431.23,7/19/2022,Kenya,393508.77
856,8166120968,4141456789,4573764526,172987.85,8/17/2023,Nigeria,197415.32
857,2722920417,4141456789,9269428966,205110.27,5/23/2022,Burkina Faso,554414.84
858,8665587179,4141456789,4369594081,281964.33,1/17/2022,Nigeria,125202.40
859,6463345563,4141456789,1086051645,267357.10,12/30/2022,Burkina Faso,637725.53
860,1274312388,4141456789,246580410,247330.07,6/29/2022,Nigeria,386853.34
861,9799191785,4141456789,9982661191,52663.77,9/10/2023,Kenya,308.56
862,7669725265,4141456789,3033497160,270862.65,6/11/2022,Nigeria,402460.74
863,7822067095,4141456789,7652404363,276758.46,7/25/2023,South Africa,83273.62
864,9247722586,4141456789,4378784750,364430.14,3/13/2023,Nigeria,453776.86
865,3261604840,4141456789,1513854860,148772.37,3/3/2022,Nigeria,528124.18
866,7331104004,4141456789,5410286219,323649.07,8/7/2023,Nigeria,628810.39
867,5064425880,4141456789,3734577144,195853.12,12/17/2023,Burkina Faso,654221.88
868,7023538852,4141456789,5704789811,45492.65,7/31/2023,Nigeria,260400.38
869,895885778,4141456789,9463937838,228159.83,11/20/2021,Kenya,222464.11
870,68460198,4141456789,7633800054,184164.01,9/18/2023,Kenya,375252.52
871,8740182630,4141456789,9313692783,261134.50,12/26/2022,Nigeria,258886.72
872,7312546811,4141456789,3860662295,399466.41,2/7/2024,South Africa,499630.25
873,3119876801,4141456789,2061635911,130868.90,1/18/2022,South Africa,551676.06
874,4155470748,4141456789,6536666550,206616.75,4/26/2022,Nigeria,145025.21
875,3114162541,4141456789,6387041708,325465.37,11/10/2021,Nigeria,490568.66
876,1849741565,4141456789,3290065960,152728.29,4/22/2023,South Africa,296484.22
877,7173043190,4141456789,8202652243,397116.83,5/31/2022,Nigeria,544850.09
878,1935806610,4141456789,9209453417,475164.16,3/2/2022,Kenya,324412.92
879,306314681,4141456789,1464835330,252631.55,2/14/2023,South Africa,495541.14
880,5721818123,4141456789,9144977506,197134.04,1/11/2023,Burkina Faso,243390.59
881,3382422794,4141456789,8128133004,227884.25,5/17/2022,South Africa,194134.23
882,7055599415,4141456789,6729711221,95025.10,9/29/2022,South Africa,6994.99
883,1874320535,4141456789,5013356792,492399.28,8/5/2022,South Africa,304040.82
884,1800744374,4141456789,5483577973,461865.14,8/14/2023,Burkina Faso,225636.64
885,2639440861,4141456789,3718835762,391640.37,10/27/2023,Nigeria,182288.36
886,9505090382,4141456789,2988807302,197163.94,12/16/2023,Burkina Faso,55575.72
887,5983196480,4141456789,3715364491,16595.91,5/26/2022,South Africa,258441.90
888,6294048486,4141456789,417871732,226745.94,11/21/2022,South Africa,396731.44
889,90814460,4141456789,5274478085,197960.54,8/24/2021,Nigeria,270159.27
890,6546443694,4141456789,1307183395,155782.91,7/31/2022,Burkina Faso,564899.35
891,6155268525,4141456789,7813128958,276133.10,6/8/2022,Nigeria,175896.82
892,695725041,4141456789,2471908551,280725.68,1/28/2023,Nigeria,628915.07
893,52535525,4141456789,629480605,37077.40,6/17/2021,Nigeria,78095.08
894,931026156,4141456789,4128549479,375323.30,9/20/2022,Ghana,347389.55
895,9012533023,4141456789,4058562811,130649.94,10/21/2022,South Africa,58868.67
896,4881793470,4141456789,3571779878,88316.73,8/17/2022,Ghana,449250.27
897,870762419,4141456789,5201128556,74382.54,1/28/2022,South Africa,286172.43
898,6772102789,4141456789,9474770891,310532.65,5/7/2023,Togo,123002.01
899,1106621484,4141456789,7814148227,376283.75,2/18/2022,South Africa,287375.42
900,4505916995,4141456789,6448833498,55311.36,5/7/2022,South Africa,43929.39
901,5918802932,4141456789,434520209,190734.01,10/25/2022,South Africa,181716.96
902,7816342276,4141456789,3211009728,79045.49,9/5/2023,South Africa,377029.51
903,4901956981,4141456789,4055838131,138305.22,4/11/2021,South Africa,6149.00
904,7059464115,4141456789,7504873500,337910.23,7/21/2022,South Africa,27786.07
905,962934887,4141456789,6328681275,81773.22,5/1/2022,Nigeria,642007.68
906,695081705,4141456789,611731991,225438.32,6/29/2022,South Africa,677521.78
907,2142920233,4141456789,1070903884,39296.15,12/28/2023,Nigeria,477526.02
908,1251199291,4141456789,2783796929,354625.91,2/21/2024,Ghana,662071.94
909,2048023711,4141456789,3670306927,170252.69,4/5/2021,South Africa,172770.52
910,2789463778,4141456789,720351596,438325.62,8/27/2022,Kenya,341490.09
911,655626514,4141456789,6319896930,455707.31,7/24/2022,Nigeria,98164.51
912,5132601928,4141456789,5570987754,130434.23,8/3/2021,Nigeria,525751.80
913,1052988458,4141456789,4452724302,364328.02,4/14/2023,South Africa,228443.03
914,3124969154,4141456789,4139658347,305176.22,2/1/2023,Togo,625217.56
915,819612464,4141456789,6960977010,51454.45,1/18/2022,Nigeria,199800.64
916,1448173337,4141456789,5725635872,313333.32,2/14/2024,Kenya,449069.34
917,624996913,4141456789,1156661161,264640.23,4/23/2023,Nigeria,302842.66
918,9245591093,4141456789,9815043471,171043.29,8/24/2021,Nigeria,655787.14
919,8381612535,4141456789,7597699662,497035.66,6/6/2021,South Africa,379686.40
920,1748079859,4141456789,9816870223,304813.36,12/5/2023,Nigeria,257538.10
921,4494954942,4141456789,2682448453,277897.45,4/3/2022,Nigeria,441672.57
922,3975335157,4141456789,7761283664,305621.20,11/19/2023,Nigeria,133007.04
923,608788848,4141456789,8026268792,247507.85,4/18/2023,Nigeria,100993.07
924,3700531869,4141456789,8140471135,28883.77,4/3/2021,Niger,30424.23
925,4718623642,4141456789,9606969061,351735.89,1/14/2023,Nigeria,548042.43
926,8978485502,4141456789,5108164645,46423.54,6/1/2021,Ghana,444078.96
927,6340013465,4141456789,2994388715,496580.85,5/24/2023,Nigeria,563088.50
928,5209865703,4141456789,7669772824,228081.31,1/19/2024,South Africa,661877.02
929,7256227612,4141456789,1299573592,201864.01,7/2/2022,Nigeria,457434.64
930,4673720016,4141456789,2741264627,122642.85,6/24/2022,Nigeria,539247.33
931,5711269992,4141456789,4655435852,96550.00,10/29/2023,Nigeria,112061.26
932,989849562,4141456789,2132025495,150530.56,12/26/2023,Nigeria,649919.43
933,7804199449,4141456789,3477936167,307334.28,12/20/2022,Nigeria,215972.46
934,8158957811,4141456789,8505717287,435114.70,6/30/2021,Nigeria,645673.94
935,1021031143,4141456789,7988347357,255871.45,9/26/2022,Ghana,695956.80
936,210065796,4141456789,6478752046,478756.96,9/4/2022,Nigeria,284413.13
937,6136316536,4141456789,1215198515,325617.24,9/5/2022,South Africa,653125.27
938,8608255782,4141456789,7288175863,225273.54,4/17/2023,Burkina Faso,153533.96
939,3401021885,4141456789,6430725359,188561.96,2/14/2022,Kenya,232223.45
940,7103470014,4141456789,6326227615,55227.53,9/20/2021,Nigeria,209317.56
941,4295955574,4141456789,6266062089,61875.15,6/22/2023,South Africa,44355.59
942,6553917949,4141456789,9112922552,172509.85,8/5/2022,Ghana,523418.43
943,3918592308,4141456789,817860606,169479.81,10/17/2023,Nigeria,699741.41
944,5786167127,4141456789,4595248547,68186.73,5/1/2023,Kenya,27262.36
945,7818676139,4141456789,7103804931,408206.39,5/10/2021,South Africa,640194.04
946,7504774154,4141456789,2306752435,358512.31,5/23/2023,Kenya,358006.34
947,4330155400,4141456789,6823572019,465392.36,10/14/2021,Ghana,682210.45
948,1603265082,4141456789,4004671167,200668.90,10/6/2021,Togo,69318.19
949,5700876701,4141456789,3805941145,75202.75,4/9/2022,Ghana,693297.26
950,4627902255,4141456789,2983953181,328322.59,6/1/2021,Nigeria,672920.24
951,7426822869,4141456789,8144941411,438702.54,11/16/2021,South Africa,26187.49
952,2983224538,4141456789,8624720729,43423.71,10/17/2021,South Africa,623240.41
953,9907330981,4141456789,1755984456,453953.54,5/12/2022,South Africa,178386.64
954,8118949702,4141456789,9778262055,216682.15,9/8/2023,Ghana,584037.00
955,924866438,4141456789,7860076969,407545.94,5/12/2021,South Africa,281048.79
956,8336257098,4141456789,2102515222,431768.27,12/24/2021,Nigeria,58342.24
957,8058666033,4141456789,3879848696,480534.30,5/1/2021,Nigeria,64590.78
958,2881182968,4141456789,6030489461,141995.96,10/31/2023,Niger,128571.84
959,844585416,4141456789,6799918437,237050.79,2/24/2024,Nigeria,372005.30
960,7486489767,4141456789,4701349275,295924.15,4/7/2021,Togo,180285.31
961,5837841504,4141456789,8435665089,151715.87,11/15/2021,Kenya,81901.90
962,5667925648,4141456789,382670450,485933.39,8/30/2022,South Africa,441185.53
963,3740516380,4141456789,507405773,350639.09,12/29/2023,Kenya,189842.18
964,2804744248,4141456789,8204486618,90545.98,3/9/2021,Nigeria,622021.67
965,6202523468,4141456789,5676916265,378357.72,11/11/2022,Nigeria,54452.26
966,609344692,4141456789,5152089742,143729.62,2/10/2023,Ghana,187836.32
967,4523900213,4141456789,7626848667,485312.81,3/4/2022,Nigeria,571518.72
968,7963640166,4141456789,8648533767,328423.93,6/27/2021,South Africa,155845.66
969,9054401141,4141456789,7576444169,351426.58,10/1/2021,Niger,101755.95
970,1326396668,4141456789,5903090907,221983.44,5/7/2021,Nigeria,594353.07
971,1202845037,4141456789,7516643068,413282.17,12/9/2022,South Africa,138920.91
972,7439057554,4141456789,2646421036,104975.97,9/13/2022,Kenya,371267.66
973,1437319300,4141456789,3831788456,308960.25,11/14/2021,Kenya,184749.80
974,7984986649,4141456789,1815387467,264921.35,7/16/2022,Burkina Faso,83637.18
975,9288124225,4141456789,1413501419,172512.37,12/1/2022,Nigeria,576222.95
976,693455411,4141456789,7672335073,8350.47,9/18/2021,South Africa,566248.95
977,8801904959,4141456789,2774314038,238426.91,1/10/2024,Nigeria,346969.32
978,1473588960,4141456789,3607645183,333029.98,10/7/2023,Nigeria,42885.08
979,6842321581,4141456789,2766155651,36473.35,5/1/2021,Nigeria,692866.64
980,6254483157,4141456789,3494433011,250813.86,8/8/2021,Burkina Faso,493009.26
981,836429451,4141456789,9055896349,324683.14,10/12/2023,Nigeria,558948.95
982,7117492635,4141456789,5046512009,428366.35,8/29/2022,South Africa,362773.85
983,588602302,4141456789,3954607417,464095.76,2/22/2022,Nigeria,618413.27
984,4784617582,4141456789,6716212647,14744.36,1/23/2023,Nigeria,476934.79
985,6820438842,4141456789,2301858960,311586.95,6/19/2022,Kenya,265117.94
986,8649885039,4141456789,7582980239,60913.15,11/14/2022,South Africa,371000.52
987,3101270383,4141456789,8567529042,89837.04,3/20/2022,Nigeria,59998.84
988,2052855572,4141456789,5563554201,348746.77,5/17/2022,Nigeria,479993.04
989,713150955,4141456789,4228637515,24078.90,2/13/2024,Nigeria,301896.69
990,2674744812,4141456789,5620557812,451201.55,11/22/2022,Nigeria,661183.26
991,7136901553,4141456789,1226830412,10497.81,8/9/2023,South Africa,503607.31
992,2916342443,4141456789,2723815234,224616.13,8/23/2022,Niger,114921.23
993,1842633279,4141456789,4250787036,217280.63,2/8/2022,Kenya,484868.32
994,8993678200,4141456789,616559208,19538.85,7/31/2021,Niger,387220.64
995,3900510776,4141456789,1049814231,233452.86,6/28/2022,Nigeria,400080.19
996,8639409684,4141456789,2362133907,177115.08,3/12/2021,South Africa,574513.67
997,6750112919,4141456789,119603071,180009.25,3/23/2023,Kenya,436272.08
998,9681088271,4141456789,4718696798,24354.45,7/14/2023,Nigeria,262193.30
999,1079046593,4141456789,9181481713,313457.71,3/31/2023,Burkina Faso,305271.94
1000,4195825202,4141456789,1491998148,69359.43,11/4/2022,Nigeria,519478.61
